Character,Sheet,Pose,Expression / action,File
Mark Goldbridge,1,1,sarcastic shrug,Individual_Poses/Mark_Goldbridge/Mark_Goldbridge_S01_P01_sarcastic_shrug.png
Mark Goldbridge,1,2,accusing point,Individual_Poses/Mark_Goldbridge/Mark_Goldbridge_S01_P02_accusing_point.png
Mark Goldbridge,1,3,mocking laugh,Individual_Poses/Mark_Goldbridge/Mark_Goldbridge_S01_P03_mocking_laugh.png
Mark Goldbridge,1,4,raised finger debate,Individual_Poses/Mark_Goldbridge/Mark_Goldbridge_S01_P04_raised_finger_debate.png
Mark Goldbridge,2,1,rant point,Individual_Poses/Mark_Goldbridge/Mark_Goldbridge_S02_P01_rant_point.png
Mark Goldbridge,2,2,arms spread,Individual_Poses/Mark_Goldbridge/Mark_Goldbridge_S02_P02_arms_spread.png
Mark Goldbridge,2,3,fists raised shout,Individual_Poses/Mark_Goldbridge/Mark_Goldbridge_S02_P03_fists_raised_shout.png
Mark Goldbridge,2,4,smug arms crossed,Individual_Poses/Mark_Goldbridge/Mark_Goldbridge_S02_P04_smug_arms_crossed.png
Mark Goldbridge,3,1,laugh arms crossed,Individual_Poses/Mark_Goldbridge/Mark_Goldbridge_S03_P01_laugh_arms_crossed.png
Mark Goldbridge,3,2,dismissive shrug,Individual_Poses/Mark_Goldbridge/Mark_Goldbridge_S03_P02_dismissive_shrug.png
Mark Goldbridge,3,3,leaning lecture,Individual_Poses/Mark_Goldbridge/Mark_Goldbridge_S03_P03_leaning_lecture.png
Mark Goldbridge,3,4,cocky point,Individual_Poses/Mark_Goldbridge/Mark_Goldbridge_S03_P04_cocky_point.png
Jamie Carragher,1,1,shout fraud point,Individual_Poses/Jamie_Carragher/Jamie_Carragher_S01_P01_shout_fraud_point.png
Jamie Carragher,1,2,smug arms crossed,Individual_Poses/Jamie_Carragher/Jamie_Carragher_S01_P02_smug_arms_crossed.png
Jamie Carragher,1,3,side talk palm,Individual_Poses/Jamie_Carragher/Jamie_Carragher_S01_P03_side_talk_palm.png
Jamie Carragher,1,4,laugh belly,Individual_Poses/Jamie_Carragher/Jamie_Carragher_S01_P04_laugh_belly.png
Jamie Carragher,2,1,smug laugh arms crossed,Individual_Poses/Jamie_Carragher/Jamie_Carragher_S02_P01_smug_laugh_arms_crossed.png
Jamie Carragher,2,2,pointing accusation,Individual_Poses/Jamie_Carragher/Jamie_Carragher_S02_P02_pointing_accusation.png
Jamie Carragher,2,3,confident grin,Individual_Poses/Jamie_Carragher/Jamie_Carragher_S02_P03_confident_grin.png
Jamie Carragher,2,4,talk open palms,Individual_Poses/Jamie_Carragher/Jamie_Carragher_S02_P04_talk_open_palms.png
Jamie Carragher,3,1,argue explain,Individual_Poses/Jamie_Carragher/Jamie_Carragher_S03_P01_argue_explain.png
Jamie Carragher,3,2,hands on hips,Individual_Poses/Jamie_Carragher/Jamie_Carragher_S03_P02_hands_on_hips.png
Jamie Carragher,3,3,arms wide challenge,Individual_Poses/Jamie_Carragher/Jamie_Carragher_S03_P03_arms_wide_challenge.png
Jamie Carragher,3,4,big laugh,Individual_Poses/Jamie_Carragher/Jamie_Carragher_S03_P04_big_laugh.png
